{"object_kind":"push","event_name":"push","before":"e5b00d7f55d9984b16aeaa0e0df74b89b73c2237","after":"f53e6f3f0577d5b9cfc9228f2966d7d01f8a29a0","ref":"refs/heads/master","checkout_sha":"f53e6f3f0577d5b9cfc9228f2966d7d01f8a29a0","message":null,"user_id":471468,"user_name":"Matheus Marabesi","user_username":"marabesi","user_email":"","user_avatar":"https://assets.gitlab-static.net/uploads/-/system/user/avatar/471468/image.png","project_id":19762552,"project":{"id":19762552,"name":"fun-with-gitlab-api","description":"","web_url":"https://gitlab.com/marabesi/fun-with-gitlab-api","avatar_url":null,"git_ssh_url":"git@gitlab.com:marabesi/fun-with-gitlab-api.git","git_http_url":"https://gitlab.com/marabesi/fun-with-gitlab-api.git","namespace":"Matheus Marabesi","visibility_level":0,"path_with_namespace":"marabesi/fun-with-gitlab-api","default_branch":"master","ci_config_path":"","homepage":"https://gitlab.com/marabesi/fun-with-gitlab-api","url":"git@gitlab.com:marabesi/fun-with-gitlab-api.git","ssh_url":"git@gitlab.com:marabesi/fun-with-gitlab-api.git","http_url":"https://gitlab.com/marabesi/fun-with-gitlab-api.git"},"commits":[{"id":"f53e6f3f0577d5b9cfc9228f2966d7d01f8a29a0","message":"Update README.md","title":"Update README.md","timestamp":"2020-07-04T15:44:35+00:00","url":"https://gitlab.com/marabesi/fun-with-gitlab-api/-/commit/f53e6f3f0577d5b9cfc9228f2966d7d01f8a29a0","author":{"name":"Matheus Marabesi","email":"matheus.marabesi@gmail.com"},"added":[],"modified":[],"removed":[]},{"id":"7f9e6d6f58683db12b825fa4ecd77b0d7179df6e","message":"Update README.md","title":"Update README.md","timestamp":"2020-07-04T15:41:41+00:00","url":"https://gitlab.com/marabesi/fun-with-gitlab-api/-/commit/7f9e6d6f58683db12b825fa4ecd77b0d7179df6e","author":{"name":"Matheus Marabesi","email":"matheus.marabesi@gmail.com"},"added":[],"modified":[],"removed":[]},{"id":"e5b00d7f55d9984b16aeaa0e0df74b89b73c2237","message":"Update README.md","title":"Update README.md","timestamp":"2020-07-04T15:41:13+00:00","url":"https://gitlab.com/marabesi/fun-with-gitlab-api/-/commit/e5b00d7f55d9984b16aeaa0e0df74b89b73c2237","author":{"name":"Matheus Marabesi","email":"matheus.marabesi@gmail.com"},"added":[],"modified":[],"removed":[]}],"total_commits_count":3,"push_options":{},"repository":{"name":"fun-with-gitlab-api","url":"git@gitlab.com:marabesi/fun-with-gitlab-api.git","description":"","homepage":"https://gitlab.com/marabesi/fun-with-gitlab-api","git_http_url":"https://gitlab.com/marabesi/fun-with-gitlab-api.git","git_ssh_url":"git@gitlab.com:marabesi/fun-with-gitlab-api.git","visibility_level":0}}